{
    "en":{
        "loginlogin":	"Login",
        "loginregister":	"Register",
        "loginleasenumber":	"Contract No.",
        "loginpassword":	"Password",
        "loginloginbtn":	"Login",
        "loginforgotpassword":	"Forgot Password",  
        "Registerzipcode":	"Zip Code",
        "loginforgotpasswordsendpasswordbtn":	"Send Password"
    },
    "es":{
        "loginlogin":	"Iniciar sesión",
        "loginregister":	"Registrarse",
        "loginleasenumber":	"Contrato no.",
        "loginpassword":	"Contraseña",
        "loginloginbtn":	"Iniciar sesión",
        "loginforgotpassword":	"Se te olvidó tu contraseña",  
        "Registerzipcode":	"Código postal",
        "loginforgotpasswordsendpasswordbtn":	"Enviar contraseña"

    }
}