{
    "statusCode": 200,
    "errorMsg": null,
    "message": "Data successfully acquired",
    "localizedKey": null,
    "data": [
        {
            "companyIdPk": 1,
            "companyName": "Motolease",
            "abbrevation": "ML",
            "url": "https://www.motolease.net",
            "email": "SUPPORT@MOTOLEASE.COM",
            "address": "P.O. Box 6248 Dearborn, MI 48126",
            "phone": "877-234-6681",
            "province": "",
            "country": "Canada",
            "district": "Los Angeles",
            "city": "",
            "postalCode": "5400",
            "countryCode": "0423",
            "areaCode": "1234",
            "exchangeNumber": "4500",
            "iosStoreLink": "",
            "androidStoreLink": "",
            "appLogoUrl": "https://motolease.net/assets/images/lease-updated-logo.svg",
            "facebookUrl": "www.facebook.com/motolease",
            "instagram": " https://www.instagram.com/motoleaseusa/",
            "linkedinUrl": "www.linkedin.com/motolease",
            "twitterUrl": "www.twitter.com/motoleaseusa",
            "activeInd": true,
            "updationDate": 1654766402672,
            "createdBy": "",
            "updatedBy": "CA-00001",
            "companyId": 1,
            "contactIdFk": 0,
            "userId": "CA-00001",
            "openingDate": 1449643471783,
            "endingDate": 1449643471783,
            "currentProcessingDate": 1449643471783,
            "previousProcessingDate": 1449643471783,
            "nextProcessingDate": 1449643471783,
            "idleTimeoutDuration": 10,
            "creationDate": 1449643471783
        },
        {
            "companyIdPk": 2,
            "companyName": "MotoLoan",
            "abbrevation": "ML",
            "url": "motoloan.com",
            "email": "SUPPORT@MOTOLOAN.COM",
            "address": "5200 W Century Blvd., Suite 750, Los Angeles, CA 90045",
            "phone": "844-419-2470",
            "province": "",
            "country": "USA",
            "district": "Los Angeles",
            "city": "",
            "postalCode": "",
            "countryCode": "0423",
            "areaCode": "1234",
            "exchangeNumber": "4500",
            "iosStoreLink": " ",
            "androidStoreLink": " ",
            "appLogoUrl": "https://motoloan.com/assets/images/MLo-logo.svg",
            "facebookUrl": " https://www.facebook.com/motoloanusa/",
            "instagram": " https://www.instagram.com/motoloanusa/",
            "linkedinUrl": "",
            "twitterUrl": "",
            "activeInd": true,
            "updationDate": 1612435321764,
            "createdBy": "NULL",
            "updatedBy": "",
            "companyId": 2,
            "contactIdFk": 0,
            "userId": "",
            "openingDate": 1449643471783,
            "endingDate": 1449643471783,
            "currentProcessingDate": 1449643471783,
            "previousProcessingDate": 1449643471783,
            "nextProcessingDate": 1449643471783,
            "idleTimeoutDuration": 5,
            "creationDate": 1449643471783
        }
    ]
}